/*
Navicat MySQL Data Transfer

Source Server         : Nav_Mysql
Source Server Version : 50717
Source Host           : localhost:3306
Source Database       : sunrise

Target Server Type    : MYSQL
Target Server Version : 50717
File Encoding         : 65001

Date: 2020-09-19 16:58:21
*/

SET FOREIGN_KEY_CHECKS=0;

-- ----------------------------
-- Records of log_oper
-- ----------------------------
INSERT INTO `log_oper` VALUES ('4028a58174a530e20174a542118b0042', '/sysm/quartzMgr/getJobClass', '获取定时任务实现类列表', '192.168.199.222', 'GIGABYTE-B85', '127.0.0.1', 'Mozilla/5.0 (Windows NT 10.0; Win64; x64) AppleWebKit/537.36 (KHTML, like Gecko) Chrome/85.0.4183.102 Safari/537.36', '1600500404619', '146', '200', '请求处理成功', 'admin', null);
INSERT INTO `log_oper` VALUES ('4028a58174a530e20174a54211b10043', '/sysm/quartzMgr/querySysQuartz', '查询定时任务', '192.168.199.222', 'GIGABYTE-B85', '127.0.0.1', 'Mozilla/5.0 (Windows NT 10.0; Win64; x64) AppleWebKit/537.36 (KHTML, like Gecko) Chrome/85.0.4183.102 Safari/537.36', '1600500404619', '38012', '200', '请求处理成功', 'admin', null);
INSERT INTO `log_oper` VALUES ('4028a58174a530e20174a54226dd0044', '/sysm/quartzMgr/querySysQuartz', '查询定时任务', '192.168.199.222', 'GIGABYTE-B85', '127.0.0.1', 'Mozilla/5.0 (Windows NT 10.0; Win64; x64) AppleWebKit/537.36 (KHTML, like Gecko) Chrome/85.0.4183.102 Safari/537.36', '1600500410073', '3925', '200', '请求处理成功', 'admin', null);
INSERT INTO `log_oper` VALUES ('4028a58174a530e20174a54236510045', '/sysm/quartzMgr/delSysQuartz/4028a58171b3c61d0171b3f89df10059', '删除定时任务', '192.168.199.222', 'GIGABYTE-B85', '127.0.0.1', 'Mozilla/5.0 (Windows NT 10.0; Win64; x64) AppleWebKit/537.36 (KHTML, like Gecko) Chrome/85.0.4183.102 Safari/537.36', '1600500413933', '99937', '200', '请求处理成功', 'admin', null);
INSERT INTO `log_oper` VALUES ('4028a58174a530e20174a54236ed0046', '/sysm/quartzMgr/querySysQuartz', '查询定时任务', '192.168.199.222', 'GIGABYTE-B85', '127.0.0.1', 'Mozilla/5.0 (Windows NT 10.0; Win64; x64) AppleWebKit/537.36 (KHTML, like Gecko) Chrome/85.0.4183.102 Safari/537.36', '1600500414185', '3790', '200', '请求处理成功', 'admin', null);
INSERT INTO `log_oper` VALUES ('4028a58174a530e20174a5423f4b0047', '/sysm/quartzMgr/querySysQuartz', '查询定时任务', '192.168.199.222', 'GIGABYTE-B85', '127.0.0.1', 'Mozilla/5.0 (Windows NT 10.0; Win64; x64) AppleWebKit/537.36 (KHTML, like Gecko) Chrome/85.0.4183.102 Safari/537.36', '1600500416326', '5025', '200', '请求处理成功', 'admin', null);
INSERT INTO `log_oper` VALUES ('4028a58174a530e20174a546d7150048', '/sysm/dictMgr/querySysDictGroup', '查询字典组', '192.168.199.222', 'GIGABYTE-B85', '127.0.0.1', 'Mozilla/5.0 (Windows NT 10.0; Win64; x64) AppleWebKit/537.36 (KHTML, like Gecko) Chrome/85.0.4183.102 Safari/537.36', '1600500717327', '5015', '200', '请求处理成功', 'admin', null);
INSERT INTO `log_oper` VALUES ('4028a58174a530e20174a546ece10049', '/sysm/dictMgr/querySysDictGroup', '查询字典组', '192.168.199.222', 'GIGABYTE-B85', '127.0.0.1', 'Mozilla/5.0 (Windows NT 10.0; Win64; x64) AppleWebKit/537.36 (KHTML, like Gecko) Chrome/85.0.4183.102 Safari/537.36', '1600500722908', '3859', '200', '请求处理成功', 'admin', null);
INSERT INTO `log_oper` VALUES ('4028a58174a530e20174a54cf35b004a', '/sysm/fileMgr/querySysFile', '查询附件列表', '192.168.199.222', 'GIGABYTE-B85', '127.0.0.1', 'Mozilla/5.0 (Windows NT 10.0; Win64; x64) AppleWebKit/537.36 (KHTML, like Gecko) Chrome/85.0.4183.102 Safari/537.36', '1600501115273', '2504807', '200', '请求处理成功', 'admin', null);
INSERT INTO `log_oper` VALUES ('4028a58174a530e20174a54e352e004b', '/sysm/fileMgr/querySysFile', '查询附件列表', '192.168.199.222', 'GIGABYTE-B85', '127.0.0.1', 'Mozilla/5.0 (Windows NT 10.0; Win64; x64) AppleWebKit/537.36 (KHTML, like Gecko) Chrome/85.0.4183.102 Safari/537.36', '1600501200169', '4595', '200', '请求处理成功', 'admin', null);
INSERT INTO `log_oper` VALUES ('4028a58174a530e20174a54e3f27004c', '/sysm/fileMgr/querySysFile', '查询附件列表', '192.168.199.222', 'GIGABYTE-B85', '127.0.0.1', 'Mozilla/5.0 (Windows NT 10.0; Win64; x64) AppleWebKit/537.36 (KHTML, like Gecko) Chrome/85.0.4183.102 Safari/537.36', '1600501202723', '3564', '200', '请求处理成功', 'admin', null);
INSERT INTO `log_oper` VALUES ('4028a58174a530e20174a54e422b004d', '/sysm/fileMgr/querySysFile', '查询附件列表', '192.168.199.222', 'GIGABYTE-B85', '127.0.0.1', 'Mozilla/5.0 (Windows NT 10.0; Win64; x64) AppleWebKit/537.36 (KHTML, like Gecko) Chrome/85.0.4183.102 Safari/537.36', '1600501203495', '4257', '200', '请求处理成功', 'admin', null);
INSERT INTO `log_oper` VALUES ('4028a58174a530e20174a54f547b004f', '/sysm/fileMgr/saveSysFile', '保存附件', '192.168.199.222', 'GIGABYTE-B85', '127.0.0.1', 'Mozilla/5.0 (Windows NT 10.0; Win64; x64) AppleWebKit/537.36 (KHTML, like Gecko) Chrome/85.0.4183.102 Safari/537.36', '1600501273592', '130799', '200', '请求处理成功', 'admin', null);
INSERT INTO `log_oper` VALUES ('4028a58174a530e20174a54f767a0050', '/sysm/fileMgr/querySysFile', '查询附件列表', '192.168.199.222', 'GIGABYTE-B85', '127.0.0.1', 'Mozilla/5.0 (Windows NT 10.0; Win64; x64) AppleWebKit/537.36 (KHTML, like Gecko) Chrome/85.0.4183.102 Safari/537.36', '1600501282419', '6266', '200', '请求处理成功', 'admin', null);
INSERT INTO `log_oper` VALUES ('4028a58174a530e20174a54f9f560051', '/sysm/fileMgr/anon/downFile/2af7888f3c9f03d5ac6163b5aa72340f', '下载附件', '192.168.199.222', 'GIGABYTE-B85', '127.0.0.1', 'Mozilla/5.0 (Windows NT 10.0; Win64; x64) AppleWebKit/537.36 (KHTML, like Gecko) Chrome/85.0.4183.102 Safari/537.36', '1600501292881', '5288', '200', '请求处理成功', 'admin', null);
INSERT INTO `log_oper` VALUES ('4028a58174a530e20174a54fc3f50052', '/sysm/fileMgr/querySysFile', '查询附件列表', '192.168.199.222', 'GIGABYTE-B85', '127.0.0.1', 'Mozilla/5.0 (Windows NT 10.0; Win64; x64) AppleWebKit/537.36 (KHTML, like Gecko) Chrome/85.0.4183.102 Safari/537.36', '1600501302258', '3381', '200', '请求处理成功', 'admin', null);
INSERT INTO `log_oper` VALUES ('4028a58174a530e20174a550b72e0055', '/sysm/fileMgr/saveSysFile', '保存附件', '192.168.199.222', 'GIGABYTE-B85', '127.0.0.1', 'Mozilla/5.0 (Windows NT 10.0; Win64; x64) AppleWebKit/537.36 (KHTML, like Gecko) Chrome/85.0.4183.102 Safari/537.36', '1600501364476', '49847', '200', '请求处理成功', 'admin', null);
INSERT INTO `log_oper` VALUES ('4028a58174a530e20174a550b7590056', '/sysm/fileMgr/saveSysFile', '保存附件', '192.168.199.222', 'GIGABYTE-B85', '127.0.0.1', 'Mozilla/5.0 (Windows NT 10.0; Win64; x64) AppleWebKit/537.36 (KHTML, like Gecko) Chrome/85.0.4183.102 Safari/537.36', '1600501364476', '92377', '200', '请求处理成功', 'admin', null);
INSERT INTO `log_oper` VALUES ('4028a58174a530e20174a550c2f30057', '/sysm/fileMgr/querySysFile', '查询附件列表', '192.168.199.222', 'GIGABYTE-B85', '127.0.0.1', 'Mozilla/5.0 (Windows NT 10.0; Win64; x64) AppleWebKit/537.36 (KHTML, like Gecko) Chrome/85.0.4183.102 Safari/537.36', '1600501367534', '4501', '200', '请求处理成功', 'admin', null);
INSERT INTO `log_oper` VALUES ('4028a58174a530e20174a550eb930058', '/sysm/fileMgr/delSysFile/4028a58174a530e20174a550b7010053', '删除附件', '192.168.199.222', 'GIGABYTE-B85', '127.0.0.1', 'Mozilla/5.0 (Windows NT 10.0; Win64; x64) AppleWebKit/537.36 (KHTML, like Gecko) Chrome/85.0.4183.102 Safari/537.36', '1600501377901', '36447', '200', '请求处理成功', 'admin', null);
INSERT INTO `log_oper` VALUES ('4028a58174a530e20174a550ec6f0059', '/sysm/fileMgr/querySysFile', '查询附件列表', '192.168.199.222', 'GIGABYTE-B85', '127.0.0.1', 'Mozilla/5.0 (Windows NT 10.0; Win64; x64) AppleWebKit/537.36 (KHTML, like Gecko) Chrome/85.0.4183.102 Safari/537.36', '1600501378153', '5802', '200', '请求处理成功', 'admin', null);
INSERT INTO `log_oper` VALUES ('4028a58174a530e20174a550f26b005a', '/sysm/fileMgr/delSysFile/4028a58174a530e20174a54f5458004e', '删除附件', '192.168.199.222', 'GIGABYTE-B85', '127.0.0.1', 'Mozilla/5.0 (Windows NT 10.0; Win64; x64) AppleWebKit/537.36 (KHTML, like Gecko) Chrome/85.0.4183.102 Safari/537.36', '1600501379644', '47072', '200', '请求处理成功', 'admin', null);
INSERT INTO `log_oper` VALUES ('4028a58174a530e20174a550f3d1005b', '/sysm/fileMgr/querySysFile', '查询附件列表', '192.168.199.222', 'GIGABYTE-B85', '127.0.0.1', 'Mozilla/5.0 (Windows NT 10.0; Win64; x64) AppleWebKit/537.36 (KHTML, like Gecko) Chrome/85.0.4183.102 Safari/537.36', '1600501380046', '3081', '200', '请求处理成功', 'admin', null);
INSERT INTO `log_oper` VALUES ('4028a58174a530e20174a551ecc6005d', '/sysm/fileMgr/saveSysFile', '保存附件', '192.168.199.222', 'GIGABYTE-B85', '127.0.0.1', 'Mozilla/5.0 (Windows NT 10.0; Win64; x64) AppleWebKit/537.36 (KHTML, like Gecko) Chrome/85.0.4183.102 Safari/537.36', '1600501443737', '44866', '200', '请求处理成功', 'admin', null);
INSERT INTO `log_oper` VALUES ('4028a58174a530e20174a551f412005e', '/sysm/fileMgr/querySysFile', '查询附件列表', '192.168.199.222', 'GIGABYTE-B85', '127.0.0.1', 'Mozilla/5.0 (Windows NT 10.0; Win64; x64) AppleWebKit/537.36 (KHTML, like Gecko) Chrome/85.0.4183.102 Safari/537.36', '1600501445645', '4971', '200', '请求处理成功', 'admin', null);
INSERT INTO `log_oper` VALUES ('4028a58174a530e20174a5537b71005f', '/sysm/menuMgr/getSysMenu', '获取菜单列表', '192.168.199.222', 'GIGABYTE-B85', '127.0.0.1', 'Mozilla/5.0 (Windows NT 10.0; Win64; x64) AppleWebKit/537.36 (KHTML, like Gecko) Chrome/85.0.4183.102 Safari/537.36', '1600501545828', '11780', '200', '请求处理成功', 'admin', null);
INSERT INTO `log_oper` VALUES ('4028a58174a530e20174a5541b670060', '/sysm/menuMgr/saveSysMenu', '保存或修改菜单', '192.168.199.222', 'GIGABYTE-B85', '127.0.0.1', 'Mozilla/5.0 (Windows NT 10.0; Win64; x64) AppleWebKit/537.36 (KHTML, like Gecko) Chrome/85.0.4183.102 Safari/537.36', '1600501586758', '32996', '200', '请求处理成功', 'admin', null);
INSERT INTO `log_oper` VALUES ('4028a58174a530e20174a5541cc60061', '/sysm/menuMgr/getSysMenu', '获取菜单列表', '192.168.199.222', 'GIGABYTE-B85', '127.0.0.1', 'Mozilla/5.0 (Windows NT 10.0; Win64; x64) AppleWebKit/537.36 (KHTML, like Gecko) Chrome/85.0.4183.102 Safari/537.36', '1600501587139', '1589', '200', '请求处理成功', 'admin', null);
INSERT INTO `log_oper` VALUES ('4028a58174a530e20174a5547d5a0062', '/sysm/menuMgr/saveSysMenu', '保存或修改菜单', '192.168.199.222', 'GIGABYTE-B85', '127.0.0.1', 'Mozilla/5.0 (Windows NT 10.0; Win64; x64) AppleWebKit/537.36 (KHTML, like Gecko) Chrome/85.0.4183.102 Safari/537.36', '1600501611835', '30568', '200', '请求处理成功', 'admin', null);
INSERT INTO `log_oper` VALUES ('4028a58174a530e20174a5547eb50063', '/sysm/menuMgr/getSysMenu', '获取菜单列表', '192.168.199.222', 'GIGABYTE-B85', '127.0.0.1', 'Mozilla/5.0 (Windows NT 10.0; Win64; x64) AppleWebKit/537.36 (KHTML, like Gecko) Chrome/85.0.4183.102 Safari/537.36', '1600501612210', '3914', '200', '请求处理成功', 'admin', null);
INSERT INTO `log_oper` VALUES ('4028a58174a530e20174a5554b9e0064', '/usrm/orgMgr/getSysOrg', '获取组织列表', '192.168.199.222', 'GIGABYTE-B85', '127.0.0.1', 'Mozilla/5.0 (Windows NT 10.0; Win64; x64) AppleWebKit/537.36 (KHTML, like Gecko) Chrome/85.0.4183.102 Safari/537.36', '1600501664653', '17485', '200', '请求处理成功', 'admin', null);
INSERT INTO `log_oper` VALUES ('4028a58174a530e20174a555e3490065', '/usrm/orgMgr/saveSysOrg', '保存或修改组织', '192.168.199.222', 'GIGABYTE-B85', '127.0.0.1', 'Mozilla/5.0 (Windows NT 10.0; Win64; x64) AppleWebKit/537.36 (KHTML, like Gecko) Chrome/85.0.4183.102 Safari/537.36', '1600501703455', '41544', '200', '请求处理成功', 'admin', null);
INSERT INTO `log_oper` VALUES ('4028a58174a530e20174a555e4180066', '/usrm/orgMgr/getSysOrg', '获取组织列表', '192.168.199.222', 'GIGABYTE-B85', '127.0.0.1', 'Mozilla/5.0 (Windows NT 10.0; Win64; x64) AppleWebKit/537.36 (KHTML, like Gecko) Chrome/85.0.4183.102 Safari/537.36', '1600501703702', '2687', '200', '请求处理成功', 'admin', null);
INSERT INTO `log_oper` VALUES ('4028a58174a530e20174a55d415f0067', '/usrm/orgMgr/getSysOrg', '获取组织列表', '192.168.199.222', 'GIGABYTE-B85', '127.0.0.1', 'Mozilla/5.0 (Windows NT 10.0; Win64; x64) AppleWebKit/537.36 (KHTML, like Gecko) Chrome/85.0.4183.102 Safari/537.36', '1600502186308', '27769', '200', '请求处理成功', 'admin', null);
INSERT INTO `log_oper` VALUES ('4028a58174a530e20174a55d61040068', '/sysm/menuMgr/getSysMenu', '获取菜单列表', '192.168.199.222', 'GIGABYTE-B85', '127.0.0.1', 'Mozilla/5.0 (Windows NT 10.0; Win64; x64) AppleWebKit/537.36 (KHTML, like Gecko) Chrome/85.0.4183.102 Safari/537.36', '1600502194432', '3612', '200', '请求处理成功', 'admin', null);
INSERT INTO `log_oper` VALUES ('4028a58174a530e20174a55d77c70069', '/usrm/roleMgr/querySysRole', '查询角色', '192.168.199.222', 'GIGABYTE-B85', '127.0.0.1', 'Mozilla/5.0 (Windows NT 10.0; Win64; x64) AppleWebKit/537.36 (KHTML, like Gecko) Chrome/85.0.4183.102 Safari/537.36', '1600502200243', '20704', '200', '请求处理成功', 'admin', null);
INSERT INTO `log_oper` VALUES ('4028a58174a530e20174a55d78ec006a', '/usrm/orgMgr/getOrgTree', '获取组织树', '192.168.199.222', 'GIGABYTE-B85', '127.0.0.1', 'Mozilla/5.0 (Windows NT 10.0; Win64; x64) AppleWebKit/537.36 (KHTML, like Gecko) Chrome/85.0.4183.102 Safari/537.36', '1600502200544', '11689', '200', '请求处理成功', 'admin', null);
INSERT INTO `log_oper` VALUES ('4028a58174a530e20174a55d78f8006b', '/usrm/permMgr/getPermMap', '获取权限Map', '192.168.199.222', 'GIGABYTE-B85', '127.0.0.1', 'Mozilla/5.0 (Windows NT 10.0; Win64; x64) AppleWebKit/537.36 (KHTML, like Gecko) Chrome/85.0.4183.102 Safari/537.36', '1600502200544', '24337', '200', '请求处理成功', 'admin', null);
INSERT INTO `log_oper` VALUES ('4028a58174a530e20174a55d84f8006c', '/usrm/roleMgr/getSelectPerm', '获取拥有的资源信息', '192.168.199.222', 'GIGABYTE-B85', '127.0.0.1', 'Mozilla/5.0 (Windows NT 10.0; Win64; x64) AppleWebKit/537.36 (KHTML, like Gecko) Chrome/85.0.4183.102 Safari/537.36', '1600502203635', '4229', '200', '请求处理成功', 'admin', null);
INSERT INTO `log_oper` VALUES ('4028a58174a530e20174a55da375006d', '/usrm/roleMgr/getSelectPerm', '获取拥有的资源信息', '192.168.199.222', 'GIGABYTE-B85', '127.0.0.1', 'Mozilla/5.0 (Windows NT 10.0; Win64; x64) AppleWebKit/537.36 (KHTML, like Gecko) Chrome/85.0.4183.102 Safari/537.36', '1600502211442', '2879', '200', '请求处理成功', 'admin', null);
INSERT INTO `log_oper` VALUES ('4028a58174a530e20174a55fad34006e', '/usrm/orgMgr/getOrgTree', '获取组织树', '192.168.199.222', 'GIGABYTE-B85', '127.0.0.1', 'Mozilla/5.0 (Windows NT 10.0; Win64; x64) AppleWebKit/537.36 (KHTML, like Gecko) Chrome/85.0.4183.102 Safari/537.36', '1600502345008', '3195', '200', '请求处理成功', 'admin', null);
INSERT INTO `log_oper` VALUES ('4028a58174a530e20174a55fad70006f', '/usrm/userMgr/querySysUser', '查询用户', '192.168.199.222', 'GIGABYTE-B85', '127.0.0.1', 'Mozilla/5.0 (Windows NT 10.0; Win64; x64) AppleWebKit/537.36 (KHTML, like Gecko) Chrome/85.0.4183.102 Safari/537.36', '1600502345008', '63572', '200', '请求处理成功', 'admin', null);
INSERT INTO `log_oper` VALUES ('4028a58174a530e20174a55fceb80070', '/usrm/userMgr/pwdRest/4028a58171d85b9a0171d87126f70018', '用户密码重置', '192.168.199.222', 'GIGABYTE-B85', '127.0.0.1', 'Mozilla/5.0 (Windows NT 10.0; Win64; x64) AppleWebKit/537.36 (KHTML, like Gecko) Chrome/85.0.4183.102 Safari/537.36', '1600502353566', '26424', '200', '请求处理成功', 'admin', null);
INSERT INTO `log_oper` VALUES ('4028a58174a530e20174a5601cd80071', '/usrm/userMgr/pwdRest/4028a58171d85b9a0171d872237c001e', '用户密码重置', '192.168.199.222', 'GIGABYTE-B85', '127.0.0.1', 'Mozilla/5.0 (Windows NT 10.0; Win64; x64) AppleWebKit/537.36 (KHTML, like Gecko) Chrome/85.0.4183.102 Safari/537.36', '1600502373564', '26838', '200', '请求处理成功', 'admin', null);
INSERT INTO `log_oper` VALUES ('4028a58174a530e20174a56028fe0072', '/usrm/userMgr/pwdRest/4028a58171d85b9a0171d87126f70018', '用户密码重置', '192.168.199.222', 'GIGABYTE-B85', '127.0.0.1', 'Mozilla/5.0 (Windows NT 10.0; Win64; x64) AppleWebKit/537.36 (KHTML, like Gecko) Chrome/85.0.4183.102 Safari/537.36', '1600502376675', '26897', '200', '请求处理成功', 'admin', null);
INSERT INTO `log_oper` VALUES ('4028a58174a530e20174a56603100073', '/usrm/userMgr/querySysUser', '查询用户', '192.168.199.222', 'GIGABYTE-B85', '127.0.0.1', 'Mozilla/5.0 (Windows NT 10.0; Win64; x64) AppleWebKit/537.36 (KHTML, like Gecko) Chrome/85.0.4183.102 Safari/537.36', '1600502760199', '8952', '200', '请求处理成功', 'admin', null);
INSERT INTO `log_oper` VALUES ('4028a58174a530e20174a566168e0074', '/usrm/roleMgr/querySysRole', '查询角色', '192.168.199.222', 'GIGABYTE-B85', '127.0.0.1', 'Mozilla/5.0 (Windows NT 10.0; Win64; x64) AppleWebKit/537.36 (KHTML, like Gecko) Chrome/85.0.4183.102 Safari/537.36', '1600502765183', '15353', '200', '请求处理成功', 'admin', null);
INSERT INTO `log_oper` VALUES ('4028a58174a530e20174a56617c30075', '/usrm/orgMgr/getOrgTree', '获取组织树', '192.168.199.222', 'GIGABYTE-B85', '127.0.0.1', 'Mozilla/5.0 (Windows NT 10.0; Win64; x64) AppleWebKit/537.36 (KHTML, like Gecko) Chrome/85.0.4183.102 Safari/537.36', '1600502765486', '19912', '200', '请求处理成功', 'admin', null);
INSERT INTO `log_oper` VALUES ('4028a58174a530e20174a56617c80076', '/usrm/permMgr/getPermMap', '获取权限Map', '192.168.199.222', 'GIGABYTE-B85', '127.0.0.1', 'Mozilla/5.0 (Windows NT 10.0; Win64; x64) AppleWebKit/537.36 (KHTML, like Gecko) Chrome/85.0.4183.102 Safari/537.36', '1600502765490', '21846', '200', '请求处理成功', 'admin', null);
INSERT INTO `log_oper` VALUES ('4028a58174a530e20174a5661efe0077', '/usrm/orgMgr/getSysOrg', '获取组织列表', '192.168.199.222', 'GIGABYTE-B85', '127.0.0.1', 'Mozilla/5.0 (Windows NT 10.0; Win64; x64) AppleWebKit/537.36 (KHTML, like Gecko) Chrome/85.0.4183.102 Safari/537.36', '1600502767356', '1278', '200', '请求处理成功', 'admin', null);
INSERT INTO `log_oper` VALUES ('4028a58174a530e20174a5663a0c0078', '/usrm/permMgr/querySysPerm', '查询权限列表', '192.168.199.222', 'GIGABYTE-B85', '127.0.0.1', 'Mozilla/5.0 (Windows NT 10.0; Win64; x64) AppleWebKit/537.36 (KHTML, like Gecko) Chrome/85.0.4183.102 Safari/537.36', '1600502774277', '7425', '200', '请求处理成功', 'admin', null);
INSERT INTO `log_oper` VALUES ('4028a58174a530e20174a5666c790079', '/usrm/permMgr/saveSysPerm', '保存或修改权限', '192.168.199.222', 'GIGABYTE-B85', '127.0.0.1', 'Mozilla/5.0 (Windows NT 10.0; Win64; x64) AppleWebKit/537.36 (KHTML, like Gecko) Chrome/85.0.4183.102 Safari/537.36', '1600502787142', '51605', '200', '请求处理成功', 'admin', null);
INSERT INTO `log_oper` VALUES ('4028a58174a530e20174a5666d40007a', '/usrm/permMgr/querySysPerm', '查询权限列表', '192.168.199.222', 'GIGABYTE-B85', '127.0.0.1', 'Mozilla/5.0 (Windows NT 10.0; Win64; x64) AppleWebKit/537.36 (KHTML, like Gecko) Chrome/85.0.4183.102 Safari/537.36', '1600502787388', '2399', '200', '请求处理成功', 'admin', null);
INSERT INTO `log_oper` VALUES ('4028a58174a530e20174a573c16e007b', '/sysm/quartzMgr/getJobClass', '获取定时任务实现类列表', '192.168.199.222', 'GIGABYTE-B85', '127.0.0.1', 'Mozilla/5.0 (Windows NT 10.0; Win64; x64) AppleWebKit/537.36 (KHTML, like Gecko) Chrome/85.0.4183.102 Safari/537.36', '1600503660898', '10575', '200', '请求处理成功', 'admin', null);
INSERT INTO `log_oper` VALUES ('4028a58174a530e20174a573c192007c', '/sysm/quartzMgr/querySysQuartz', '查询定时任务', '192.168.199.222', 'GIGABYTE-B85', '127.0.0.1', 'Mozilla/5.0 (Windows NT 10.0; Win64; x64) AppleWebKit/537.36 (KHTML, like Gecko) Chrome/85.0.4183.102 Safari/537.36', '1600503660897', '49194', '200', '请求处理成功', 'admin', null);
INSERT INTO `log_oper` VALUES ('4028a58174a530e20174a573cee0007d', '/sysm/dictMgr/getSysDictItemByGroupKey', '获取Tree字典值', '192.168.199.222', 'GIGABYTE-B85', '127.0.0.1', 'Mozilla/5.0 (Windows NT 10.0; Win64; x64) AppleWebKit/537.36 (KHTML, like Gecko) Chrome/85.0.4183.102 Safari/537.36', '1600503664306', '46044', '200', '请求处理成功', 'admin', null);
INSERT INTO `log_oper` VALUES ('4028a58174a530e20174a57655f5007f', '/sysm/quartzMgr/saveSysQuartz', '保存或修改定时任务', '192.168.199.222', 'GIGABYTE-B85', '127.0.0.1', 'Mozilla/5.0 (Windows NT 10.0; Win64; x64) AppleWebKit/537.36 (KHTML, like Gecko) Chrome/85.0.4183.102 Safari/537.36', '1600503829893', '112172', '200', '请求处理成功', 'admin', null);
INSERT INTO `log_oper` VALUES ('4028a58174a530e20174a57656860080', '/sysm/quartzMgr/querySysQuartz', '查询定时任务', '192.168.199.222', 'GIGABYTE-B85', '127.0.0.1', 'Mozilla/5.0 (Windows NT 10.0; Win64; x64) AppleWebKit/537.36 (KHTML, like Gecko) Chrome/85.0.4183.102 Safari/537.36', '1600503830144', '4346', '200', '请求处理成功', 'admin', null);
INSERT INTO `log_oper` VALUES ('4028a58174a530e20174a5779deb0089', '/sysm/quartzMgr/pauseSysQuartz/4028a58174a530e20174a576558d007e', '暂停定时任务', '192.168.199.222', 'GIGABYTE-B85', '127.0.0.1', 'Mozilla/5.0 (Windows NT 10.0; Win64; x64) AppleWebKit/537.36 (KHTML, like Gecko) Chrome/85.0.4183.102 Safari/537.36', '1600503913919', '43989', '200', '请求处理成功', 'admin', null);
INSERT INTO `log_oper` VALUES ('4028a58174a530e20174a5779ebb008a', '/sysm/quartzMgr/querySysQuartz', '查询定时任务', '192.168.199.222', 'GIGABYTE-B85', '127.0.0.1', 'Mozilla/5.0 (Windows NT 10.0; Win64; x64) AppleWebKit/537.36 (KHTML, like Gecko) Chrome/85.0.4183.102 Safari/537.36', '1600503914168', '2629', '200', '请求处理成功', 'admin', null);
INSERT INTO `log_oper` VALUES ('4028a58174a530e20174a577aa7c008c', '/sysm/quartzMgr/getSysQuartzJobInfo', '获取定时任务信息', '192.168.199.222', 'GIGABYTE-B85', '127.0.0.1', 'Mozilla/5.0 (Windows NT 10.0; Win64; x64) AppleWebKit/537.36 (KHTML, like Gecko) Chrome/85.0.4183.102 Safari/537.36', '1600503917169', '10676', '200', '请求处理成功', 'admin', null);
INSERT INTO `log_oper` VALUES ('4028a58174a530e20174a577c997008d', '/sysm/quartzMgr/saveSysQuartz', '保存或修改定时任务', '192.168.199.222', 'GIGABYTE-B85', '127.0.0.1', 'Mozilla/5.0 (Windows NT 10.0; Win64; x64) AppleWebKit/537.36 (KHTML, like Gecko) Chrome/85.0.4183.102 Safari/537.36', '1600503925079', '63491', '200', '请求处理成功', 'admin', null);
INSERT INTO `log_oper` VALUES ('4028a58174a530e20174a577ca56008e', '/sysm/quartzMgr/querySysQuartz', '查询定时任务', '192.168.199.222', 'GIGABYTE-B85', '127.0.0.1', 'Mozilla/5.0 (Windows NT 10.0; Win64; x64) AppleWebKit/537.36 (KHTML, like Gecko) Chrome/85.0.4183.102 Safari/537.36', '1600503925331', '1710', '200', '请求处理成功', 'admin', null);
INSERT INTO `log_oper` VALUES ('4028a58174a530e20174a577d9d3008f', '/sysm/quartzMgr/getSysQuartzJobInfo', '获取定时任务信息', '192.168.199.222', 'GIGABYTE-B85', '127.0.0.1', 'Mozilla/5.0 (Windows NT 10.0; Win64; x64) AppleWebKit/537.36 (KHTML, like Gecko) Chrome/85.0.4183.102 Safari/537.36', '1600503929294', '4212', '200', '请求处理成功', 'admin', null);
INSERT INTO `log_oper` VALUES ('4028a58174a530e20174a57828f40090', '/logs/quartzMgr/queryLogQuartz', '查询任务日志', '192.168.199.222', 'GIGABYTE-B85', '127.0.0.1', 'Mozilla/5.0 (Windows NT 10.0; Win64; x64) AppleWebKit/537.36 (KHTML, like Gecko) Chrome/85.0.4183.102 Safari/537.36', '1600503949545', '10612', '200', '请求处理成功', 'admin', null);
INSERT INTO `log_oper` VALUES ('4028a58174a530e20174a57829050091', '/sysm/dictMgr/getSysDictItemByGroupKey', '获取Tree字典值', '192.168.199.222', 'GIGABYTE-B85', '127.0.0.1', 'Mozilla/5.0 (Windows NT 10.0; Win64; x64) AppleWebKit/537.36 (KHTML, like Gecko) Chrome/85.0.4183.102 Safari/537.36', '1600503949567', '6160', '200', '请求处理成功', 'admin', null);
INSERT INTO `log_oper` VALUES ('4028a58174a530e20174a578979f0092', '/logs/operMgr/queryLogOper', '查询交互日志', '192.168.199.222', 'GIGABYTE-B85', '127.0.0.1', 'Mozilla/5.0 (Windows NT 10.0; Win64; x64) AppleWebKit/537.36 (KHTML, like Gecko) Chrome/85.0.4183.102 Safari/537.36', '1600503977864', '22514', '200', '请求处理成功', 'admin', null);
INSERT INTO `log_oper` VALUES ('4028a58174a530e20174a578b9480093', '/logs/operMgr/queryLogOper', '查询交互日志', '192.168.199.222', 'GIGABYTE-B85', '127.0.0.1', 'Mozilla/5.0 (Windows NT 10.0; Win64; x64) AppleWebKit/537.36 (KHTML, like Gecko) Chrome/85.0.4183.102 Safari/537.36', '1600503986497', '6863', '200', '请求处理成功', 'admin', null);
INSERT INTO `log_oper` VALUES ('4028a58174a530e20174a578c91a0094', '/logs/operMgr/queryLogOper', '查询交互日志', '192.168.199.222', 'GIGABYTE-B85', '127.0.0.1', 'Mozilla/5.0 (Windows NT 10.0; Win64; x64) AppleWebKit/537.36 (KHTML, like Gecko) Chrome/85.0.4183.102 Safari/537.36', '1600503990549', '5474', '200', '请求处理成功', 'admin', null);
INSERT INTO `log_oper` VALUES ('4028a58174a530e20174a578ede80095', '/logs/operMgr/queryLogOper', '查询交互日志', '192.168.199.222', 'GIGABYTE-B85', '127.0.0.1', 'Mozilla/5.0 (Windows NT 10.0; Win64; x64) AppleWebKit/537.36 (KHTML, like Gecko) Chrome/85.0.4183.102 Safari/537.36', '1600503999971', '4988', '200', '请求处理成功', 'admin', null);
INSERT INTO `log_oper` VALUES ('4028a58174a530e20174a57905290096', '/logs/operMgr/queryLogOper', '查询交互日志', '192.168.199.222', 'GIGABYTE-B85', '127.0.0.1', 'Mozilla/5.0 (Windows NT 10.0; Win64; x64) AppleWebKit/537.36 (KHTML, like Gecko) Chrome/85.0.4183.102 Safari/537.36', '1600504005925', '4028', '200', '请求处理成功', 'admin', null);
INSERT INTO `log_oper` VALUES ('4028a58174a530e20174a5790fce0097', '/logs/operMgr/queryLogOper', '查询交互日志', '192.168.199.222', 'GIGABYTE-B85', '127.0.0.1', 'Mozilla/5.0 (Windows NT 10.0; Win64; x64) AppleWebKit/537.36 (KHTML, like Gecko) Chrome/85.0.4183.102 Safari/537.36', '1600504008648', '5055', '200', '请求处理成功', 'admin', null);
INSERT INTO `log_oper` VALUES ('4028a58174a530e20174a57919530098', '/logs/operMgr/queryLogOper', '查询交互日志', '192.168.199.222', 'GIGABYTE-B85', '127.0.0.1', 'Mozilla/5.0 (Windows NT 10.0; Win64; x64) AppleWebKit/537.36 (KHTML, like Gecko) Chrome/85.0.4183.102 Safari/537.36', '1600504011087', '3836', '200', '请求处理成功', 'admin', null);

-- ----------------------------
-- Records of log_quartz
-- ----------------------------
INSERT INTO `log_quartz` VALUES ('4028a58174a530e20174a576cc700081', '定时任务测试', 'group1', 'GIGABYTE-B85.lan', '192.168.199.222', '1', null, '1600503855163', '404');
INSERT INTO `log_quartz` VALUES ('4028a58174a530e20174a576ccba0082', '定时任务测试', 'group1', 'GIGABYTE-B85.lan', '192.168.199.222', '1', null, '1600503855257', '460');
INSERT INTO `log_quartz` VALUES ('4028a58174a530e20174a576cccc0083', '定时任务测试', 'group1', 'GIGABYTE-B85.lan', '192.168.199.222', '1', null, '1600503855315', '1373');
INSERT INTO `log_quartz` VALUES ('4028a58174a530e20174a576e08b0084', '定时任务测试', 'group1', 'GIGABYTE-B85.lan', '192.168.199.222', '1', null, '1600503861026', '74');
INSERT INTO `log_quartz` VALUES ('4028a58174a530e20174a577079d0085', '定时任务测试', 'group1', 'GIGABYTE-B85.lan', '192.168.199.222', '1', null, '1600503871029', '73');
INSERT INTO `log_quartz` VALUES ('4028a58174a530e20174a5772e7c0086', '定时任务测试', 'group1', 'GIGABYTE-B85.lan', '192.168.199.222', '1', null, '1600503881034', '70');
INSERT INTO `log_quartz` VALUES ('4028a58174a530e20174a57755a30087', '定时任务测试', 'group1', 'GIGABYTE-B85.lan', '192.168.199.222', '1', null, '1600503891039', '246');
INSERT INTO `log_quartz` VALUES ('4028a58174a530e20174a5777ca80088', '定时任务测试', 'group1', 'GIGABYTE-B85.lan', '192.168.199.222', '1', null, '1600503901024', '90');
INSERT INTO `log_quartz` VALUES ('4028a58174a530e20174a577a535008b', '定时任务测试', 'group1', 'GIGABYTE-B85.lan', '192.168.199.222', '1', null, '1600503911028', '70');

-- ----------------------------
-- Records of qtz_blob_triggers
-- ----------------------------

-- ----------------------------
-- Records of qtz_calendars
-- ----------------------------

-- ----------------------------
-- Records of qtz_cron_triggers
-- ----------------------------
INSERT INTO `qtz_cron_triggers` VALUES ('clusteredScheduler', 'trigger_定时任务测试', 'trigger_group1', '1/10 * * * * ?', 'Asia/Shanghai');

-- ----------------------------
-- Records of qtz_fired_triggers
-- ----------------------------

-- ----------------------------
-- Records of qtz_job_details
-- ----------------------------
INSERT INTO `qtz_job_details` VALUES ('clusteredScheduler', '定时任务测试', 'group1', '', 'com.sunrise.core.job.SuccessJob', '1', '0', '0', '0', 0xACED0005737200156F72672E71756172747A2E4A6F62446174614D61709FB083E8BFA9B0CB020000787200266F72672E71756172747A2E7574696C732E537472696E674B65794469727479466C61674D61708208E8C3FBC55D280200015A0013616C6C6F77735472616E7369656E74446174617872001D6F72672E71756172747A2E7574696C732E4469727479466C61674D617013E62EAD28760ACE0200025A000564697274794C00036D617074000F4C6A6176612F7574696C2F4D61703B787000737200116A6176612E7574696C2E486173684D61700507DAC1C31660D103000246000A6C6F6164466163746F724900097468726573686F6C6478703F40000000000010770800000010000000007800);

-- ----------------------------
-- Records of qtz_locks
-- ----------------------------
INSERT INTO `qtz_locks` VALUES ('clusteredScheduler', 'STATE_ACCESS');
INSERT INTO `qtz_locks` VALUES ('clusteredScheduler', 'TRIGGER_ACCESS');

-- ----------------------------
-- Records of qtz_paused_trigger_grps
-- ----------------------------

-- ----------------------------
-- Records of qtz_scheduler_state
-- ----------------------------
INSERT INTO `qtz_scheduler_state` VALUES ('clusteredScheduler', 'GIGABYTE-B851600505750677', '1600505901437', '10000');

-- ----------------------------
-- Records of qtz_simple_triggers
-- ----------------------------

-- ----------------------------
-- Records of qtz_simprop_triggers
-- ----------------------------

-- ----------------------------
-- Records of qtz_triggers
-- ----------------------------
INSERT INTO `qtz_triggers` VALUES ('clusteredScheduler', 'trigger_定时任务测试', 'trigger_group1', '定时任务测试', 'group1', null, '1600503931000', '-1', '0', 'PAUSED', 'CRON', '1600503925000', '0', null, '2', '');

-- ----------------------------
-- Records of sys_dict_group
-- ----------------------------
INSERT INTO `sys_dict_group` VALUES ('402894816baad362016bab1582410000', '账户状态', 'AcStat', '1', '1', 'admin', '1561943441982', 'admin', '1561973127901');
INSERT INTO `sys_dict_group` VALUES ('402894816bb00feb016bb06069d50000', '任务运行状态', 'QuartzRunStat', '1', '1', 'admin', '1562032237012', 'admin', '1562032237012');
INSERT INTO `sys_dict_group` VALUES ('402894816bb07f03016bb08084790000', 'Quartz调度器Misfire规则', 'QuartzMisfire', '1', '1', 'admin', '1562034340983', 'admin', '1600500313601');
INSERT INTO `sys_dict_group` VALUES ('402894816bb5cc1d016bb5ffc2570062', 'Quartz日志等级', 'LogLeve', '1', '1', 'admin', '1562126565975', 'admin', '1600500294952');
INSERT INTO `sys_dict_group` VALUES ('402894816bc23cd8016bc2692d590002', '性别', 'Sex', '1', '1', 'admin', '1562334801241', 'admin', '1562381280740');
INSERT INTO `sys_dict_group` VALUES ('402894816bd4971e016bd4b00e330002', '文件状态', 'FileStat', '1', '1', 'admin', '1562641436210', 'admin', '1562641436210');
INSERT INTO `sys_dict_group` VALUES ('402894816bd65d2e016bd66f41f10001', '资源类型', 'PermType', '1', '1', 'admin', '1562670744049', 'admin', '1562670744049');
INSERT INTO `sys_dict_group` VALUES ('402894816bd65d2e016bd670cfb10003', '权限状态', 'PermStat', '1', '1', 'admin', '1562670845873', 'admin', '1562670845873');
INSERT INTO `sys_dict_group` VALUES ('402894816bd65d2e016bd676ddc90006', '字典类型', 'DictType', '1', '1', 'admin', '1562671242696', 'admin', '1562671242696');
INSERT INTO `sys_dict_group` VALUES ('402894816bd65d2e016bd67a8c2d0009', '字典组状态', 'GroupStat', '1', '1', 'admin', '1562671483949', 'admin', '1562671483949');

-- ----------------------------
-- Records of sys_dict_item
-- ----------------------------
INSERT INTO `sys_dict_item` VALUES ('402894816baad362016bab16270f0001', '402894816baad362016bab1582410000', '正常', '1', '正常', '0', '', '1', 'admin', '1561943484175', 'admin', '1561943484175');
INSERT INTO `sys_dict_item` VALUES ('402894816baad362016bab16840e0002', '402894816baad362016bab1582410000', '锁定', '2', '锁定', '0', '', '1', 'admin', '1561943507982', 'admin', '1562334456674');
INSERT INTO `sys_dict_item` VALUES ('402894816baad362016bab16d42b0003', '402894816baad362016bab1582410000', '注销', '3', '注销', '0', '', '1', 'admin', '1561943528491', 'admin', '1561943528491');
INSERT INTO `sys_dict_item` VALUES ('402894816bb00feb016bb061bc4e0001', '402894816bb00feb016bb06069d50000', '等待', '3', '等待', '0', '', '1', 'admin', '1562032323662', 'admin', '1562032756954');
INSERT INTO `sys_dict_item` VALUES ('402894816bb00feb016bb061f8fc0002', '402894816bb00feb016bb06069d50000', '暂停', '2', '暂停', '0', '', '1', 'admin', '1562032339195', 'admin', '1562032745189');
INSERT INTO `sys_dict_item` VALUES ('402894816bb00feb016bb0622c460003', '402894816bb00feb016bb06069d50000', '正常', '1', '正常', '0', '', '1', 'admin', '1562032352326', 'admin', '1562032732964');
INSERT INTO `sys_dict_item` VALUES ('402894816bb00feb016bb06262860004', '402894816bb00feb016bb06069d50000', '阻塞', '4', '阻塞', '0', '', '1', 'admin', '1562032366214', 'admin', '1562032767087');
INSERT INTO `sys_dict_item` VALUES ('402894816bb00feb016bb06295cc0005', '402894816bb00feb016bb06069d50000', '错误', '5', '错误', '0', '', '1', 'admin', '1562032379340', 'admin', '1562032773703');
INSERT INTO `sys_dict_item` VALUES ('402894816bb07f03016bb082ba090001', '402894816bb07f03016bb08084790000', 'WithMisfireHandlingInstructionDoNothing ', '1', '不触发立即执行,等待下次Cron触发频率到达时刻开始按照Cron频率依次执行', '0', '', '1', 'admin', '1562034485769', 'admin', '1562034485769');
INSERT INTO `sys_dict_item` VALUES ('402894816bb07f03016bb083b81f0002', '402894816bb07f03016bb08084790000', 'WithMisfireHandlingInstructionFireAndPro', '2', '以当前时间为触发频率立刻触发一次执行,然后按照Cron频率依次执行', '0', '', '1', 'admin', '1562034550814', 'admin', '1562034550815');
INSERT INTO `sys_dict_item` VALUES ('402894816bb07f03016bb084d9900003', '402894816bb07f03016bb08084790000', 'WithMisfireHandlingInstructionIgnoreMisf', '3', '以错过的第一个频率时间立刻开始执行,重做错过的所有频率周期后,当下一次触发频率发', '0', '', '1', 'admin', '1562034624911', 'admin', '1562034624911');
INSERT INTO `sys_dict_item` VALUES ('402894816bb5cc1d016bb6001b220063', '402894816bb5cc1d016bb5ffc2570062', '系统记录', '1', '系统记录', '0', '', '1', 'admin', '1562126588706', 'admin', '1562126588706');
INSERT INTO `sys_dict_item` VALUES ('402894816bb5cc1d016bb6005bc50064', '402894816bb5cc1d016bb5ffc2570062', '手动记录', '2', '手动记录', '0', '', '1', 'admin', '1562126605251', 'admin', '1562126605252');
INSERT INTO `sys_dict_item` VALUES ('402894816bc23cd8016bc2697c7e0003', '402894816bc23cd8016bc2692d590002', '男', '1', '男', '0', '', '1', 'admin', '1562334821501', 'admin', '1562334821502');
INSERT INTO `sys_dict_item` VALUES ('402894816bc23cd8016bc269c1cf0004', '402894816bc23cd8016bc2692d590002', '女', '2', '女', '0', '', '1', 'admin', '1562334839247', 'admin', '1562334839247');
INSERT INTO `sys_dict_item` VALUES ('402894816bd4971e016bd4b0bc710003', '402894816bd4971e016bd4b00e330002', '共有', '1', '共有', '0', '', '1', 'admin', '1562641480817', 'admin', '1562641480817');
INSERT INTO `sys_dict_item` VALUES ('402894816bd4971e016bd4b0fb600004', '402894816bd4971e016bd4b00e330002', '私有', '2', '私有', '0', '', '1', 'admin', '1562641496927', 'admin', '1562641496928');
INSERT INTO `sys_dict_item` VALUES ('402894816bd65d2e016bd66f966e0002', '402894816bd65d2e016bd66f41f10001', '菜单', '1', '菜单', '0', '', '1', 'admin', '1562670765678', 'admin', '1562671014048');
INSERT INTO `sys_dict_item` VALUES ('402894816bd65d2e016bd67135140004', '402894816bd65d2e016bd670cfb10003', '正常', '1', '正常', '0', '', '1', 'admin', '1562670871827', 'admin', '1562671041749');
INSERT INTO `sys_dict_item` VALUES ('402894816bd65d2e016bd67161170005', '402894816bd65d2e016bd670cfb10003', '禁用', '2', '菜单', '0', '', '1', 'admin', '1562670883095', 'admin', '1562671026315');
INSERT INTO `sys_dict_item` VALUES ('402894816bd65d2e016bd67729dd0007', '402894816bd65d2e016bd676ddc90006', '列表', '1', '列表', '0', '', '1', 'admin', '1562671262173', 'admin', '1562671262173');
INSERT INTO `sys_dict_item` VALUES ('402894816bd65d2e016bd6777e430008', '402894816bd65d2e016bd676ddc90006', '树', '2', '树', '0', '', '1', 'admin', '1562671283779', 'admin', '1562671283779');
INSERT INTO `sys_dict_item` VALUES ('402894816bd65d2e016bd67b2f8e000a', '402894816bd65d2e016bd67a8c2d0009', '正常', '1', '正常', '0', '', '1', 'admin', '1562671525774', 'admin', '1562671525774');
INSERT INTO `sys_dict_item` VALUES ('402894816bd65d2e016bd67b659a000b', '402894816bd65d2e016bd67a8c2d0009', '禁用', '2', '禁用', '0', '', '1', 'admin', '1562671539610', 'admin', '1562671539610');

-- ----------------------------
-- Records of sys_file
-- ----------------------------
INSERT INTO `sys_file` VALUES ('4028a58174a530e20174a550b7020054', '在CENTOS 7上搭建Shadowsocks图文教程.docx', '9ad235d7ab8f05b00655a53c5d7b36e3', '.\\filestore\\2020\\09\\19\\在CENTOS 7上搭建Shadowsocks图文教程.ff18b11f984d40f8a0b0bc2a64851695.docx', '/sysm/fileMgr/anon/downFile/9ad235d7ab8f05b00655a53c5d7b36e3', 'office', '22228', '2', 'admin', '1600501364482', 'admin', '1600501364482');
INSERT INTO `sys_file` VALUES ('4028a58174a530e20174a551eca1005c', '1_1920x1080.jpg', '8d29a97ce7cc63978b1764ebf9d35372', '.\\filestore\\2020\\09\\19\\1_1920x1080.80369110af12440b898db63ee9992266.jpg', '/sysm/fileMgr/anon/downFile/8d29a97ce7cc63978b1764ebf9d35372', 'jpg', '481448', '2', 'admin', '1600501443745', 'admin', '1600501443745');

-- ----------------------------
-- Records of sys_menu
-- ----------------------------
INSERT INTO `sys_menu` VALUES ('402894816bda0c7b016bda5878570001', '/usrm', '账户管理', '', '0', '1', 'el-icon-postcard', '/usrm', '1', '1', '', 'admin', '1562736359511', 'admin', '1570581952382');
INSERT INTO `sys_menu` VALUES ('402894816bda0c7b016bda5879510002', 'usermgr', '用户管理', '/usrm', '0', '2', 'el-icon-s-custom', '/usrm/usermgr', '1', '1', '', 'admin', '1562736359760', 'admin', '1570581952383');
INSERT INTO `sys_menu` VALUES ('402894816bda0c7b016bda5879ca0003', 'rolemgr', '角色管理', '/usrm', '1', '2', 'el-icon-user', '/usrm/rolemgr', '1', '1', '', 'admin', '1562736359882', 'admin', '1570581952386');
INSERT INTO `sys_menu` VALUES ('402894816bda0c7b016bda587aaf0004', 'orgmgr', '组织管理', '/usrm', '2', '2', 'icon-fa fa-sitemap', '/usrm/orgmgr', '1', '1', '', 'admin', '1562736360111', 'admin', '1570581952387');
INSERT INTO `sys_menu` VALUES ('402894816bda0c7b016bda587b270005', 'permmgr', '权限管理', '/usrm', '3', '2', 'icon-fa fa-shield', '/usrm/permmgr', '1', '1', '', 'admin', '1562736360231', 'admin', '1570581952389');
INSERT INTO `sys_menu` VALUES ('402894816bda0c7b016bda587c080006', '/sysm', '系统设置', '', '1', '1', 'el-icon-set-up', '/sysm', '1', '1', '', 'admin', '1562736360456', 'admin', '1570581952389');
INSERT INTO `sys_menu` VALUES ('402894816bda0c7b016bda587c850007', 'menuMgr', '菜单管理', '/sysm', '0', '2', 'icon-fa fa-bars', '/sysm/menuMgr', '1', '1', '', 'admin', '1562736360580', 'admin', '1570581952390');
INSERT INTO `sys_menu` VALUES ('402894816bda0c7b016bda587d6a0008', 'dictMgr', '字典管理', '/sysm', '1', '2', 'icon-fa fa-book', '/sysm/dictMgr', '1', '1', '', 'admin', '1562736360810', 'admin', '1570581952391');
INSERT INTO `sys_menu` VALUES ('402894816bda0c7b016bda587de60009', 'fileMgr', '附件管理', '/sysm', '2', '2', 'icon-fa fa-file-o', '/sysm/fileMgr', '1', '1', '', 'admin', '1562736360934', 'admin', '1570581952392');
INSERT INTO `sys_menu` VALUES ('402894816bda0c7b016bda587ed5000a', 'quartzmgr', '任务管理', '/sysm', '3', '2', 'el-icon-alarm-clock', '/sysm/quartzmgr', '1', '1', '', 'admin', '1562736361173', 'admin', '1570581952392');
INSERT INTO `sys_menu` VALUES ('402894816bda0c7b016bda587f49000b', '/logs', '系统日志', '', '2', '1', 'el-icon-s-order', '/logs', '1', '1', '', 'admin', '1562736361289', 'admin', '1570581952393');
INSERT INTO `sys_menu` VALUES ('402894816bda0c7b016bda588032000c', 'operLog', '交互日志', '/logs', '0', '2', 'el-icon-connection', '/logs/operLog', '1', '1', '', 'admin', '1562736361522', 'admin', '1570581952394');
INSERT INTO `sys_menu` VALUES ('402894816bda0c7b016bda5880b5000d', 'quartzLog', '任务日志', '/logs', '1', '2', 'el-icon-watch', '/logs/quartzLog', '1', '1', '', 'admin', '1562736361653', 'admin', '1570581952394');
INSERT INTO `sys_menu` VALUES ('402894816bda0c7b016bda58818e000e', '/plugin', '插件示例', '', '3', '1', 'el-icon-water-cup', '/plugin', '1', '1', '', 'admin', '1562736361870', 'admin', '1570581952395');
INSERT INTO `sys_menu` VALUES ('402894816bda0c7b016bda58820c000f', 'crontab', 'Cron生成器', '/plugin', '0', '2', 'el-icon-coffee-cup', '/plugin/crontab', '1', '1', '', 'admin', '1562736361996', 'admin', '1570581952396');
INSERT INTO `sys_menu` VALUES ('402894816bda0c7b016bda5882f50010', 'datatable', '数据分页组件', '/plugin', '1', '2', 'el-icon-cold-drink', '/plugin/datatable', '1', '1', '', 'admin', '1562736362229', 'admin', '1570581952397');
INSERT INTO `sys_menu` VALUES ('402894816bda0c7b016bda5883670011', 'iconfont', 'IconFont', '/plugin', '2', '2', 'el-icon-goblet', '/plugin/iconfont', '1', '1', '', 'admin', '1562736362343', 'admin', '1570581952398');
INSERT INTO `sys_menu` VALUES ('402894816bda0c7b016bda5884540012', 'markdown', 'Markdown', '/plugin', '3', '2', 'el-icon-refrigerator', '/plugin/markdown', '1', '1', '', 'admin', '1562736362580', 'admin', '1570581952399');
INSERT INTO `sys_menu` VALUES ('402894816bda0c7b016bda5884c30013', 'singlePageOpen/:params', '单路由多开', '/plugin', '4', '2', 'el-icon-coffee', '/plugin/singlePageOpen/:params', '1', '1', '', 'admin', '1562736362691', 'admin', '1570581952400');
INSERT INTO `sys_menu` VALUES ('402894816bda0c7b016bda5885b40014', 'jsonEditPage', 'Json编辑器', '/plugin', '5', '2', 'el-icon-lollipop', '/plugin/jsonEditPage', '1', '1', '', 'admin', '1562736362932', 'admin', '1570581952401');
INSERT INTO `sys_menu` VALUES ('402894816bda0c7b016bda5886220015', 'countToPage', '数字滚动', '/plugin', '6', '2', 'el-icon-place', '/plugin/countToPage', '1', '1', '', 'admin', '1562736363042', 'admin', '1570581952402');
INSERT INTO `sys_menu` VALUES ('402894816bda0c7b016bda5887100016', 'router1', '嵌套路由', '/plugin', '7', '1', 'el-icon-trophy', '/plugin/router1', '1', '1', '', 'admin', '1562736363280', 'admin', '1570581952403');
INSERT INTO `sys_menu` VALUES ('402894816bda0c7b016bda58877e0017', 'router11', '路由1', '/plugin/router1', '0', '2', 'el-icon-trophy-1', '/plugin/router1/router11', '1', '1', '', 'admin', '1562736363390', 'admin', '1570581952404');
INSERT INTO `sys_menu` VALUES ('402894816bda0c7b016bda58886f0018', 'router12', '路由2', '/plugin/router1', '1', '1', 'el-icon-first-aid-kit', '/plugin/router1/router12', '1', '1', '', 'admin', '1562736363631', 'admin', '1570581952405');
INSERT INTO `sys_menu` VALUES ('402894816bda0c7b016bda5888df0019', 'router121', '路由2-1', '/plugin/router1/router12', '0', '2', 'el-icon-discover', '/plugin/router1/router12/router121', '1', '1', '', 'admin', '1562736363743', 'admin', '1570581952406');
INSERT INTO `sys_menu` VALUES ('402894816bda0c7b016bda5889cc001a', 'router122', '路由2-2', '/plugin/router1/router12', '1', '2', 'el-icon-medal', '/plugin/router1/router12/router122', '1', '1', '', 'admin', '1562736363980', 'admin', '1570581952407');
INSERT INTO `sys_menu` VALUES ('402894816bda0c7b016bda588a4e001b', '/otherpage', '其它页面', '', '4', '1', 'el-icon-basketball', '/otherpage', '1', '1', '', 'admin', '1562736364110', 'admin', '1570581952408');
INSERT INTO `sys_menu` VALUES ('402894816bda0c7b016bda588b2a001c', 'page404', '目标未找到', '/otherpage', '0', '2', 'el-icon-lightning', '/otherpage/page404', '1', '1', '', 'admin', '1562736364330', 'admin', '1570581952409');
INSERT INTO `sys_menu` VALUES ('402894816bda0c7b016bda588bb5001d', 'page500', '服务器错误', '/otherpage', '1', '2', 'el-icon-heavy-rain', '/otherpage/page500', '1', '1', '', 'admin', '1562736364469', 'admin', '1570581952410');
INSERT INTO `sys_menu` VALUES ('402894816bda0c7b016bda588c82001e', 'baidu', 'route.Baidu', '/otherpage', '2', '2', 'el-icon-sunrise', '/otherpage/baidu', '1', '2', '', 'admin', '1562736364674', 'admin', '1570581952410');
INSERT INTO `sys_menu` VALUES ('4028a58171b3c61d0171b3d9c7200041', 'autocompleteInputPage', '可记忆输入框', '/plugin', '0', '2', 'el-icon-coin', '/plugin/autocompleteInputPage', '1', '1', '', 'admin', '1587860326175', 'admin', '1600501586762');
INSERT INTO `sys_menu` VALUES ('4028a58171b3c61d0171b3d9c8180043', 'tplFormCreatePage', '模板表单', '/plugin', '0', '2', 'el-icon-tickets', '/plugin/tplFormCreatePage', '1', '1', '', 'admin', '1587860326424', 'admin', '1600501611836');
INSERT INTO `sys_menu` VALUES ('4028a58171b3c61d0171b3dc60c90049', 'user-add', '新建用户信息', '/usrm/usermgr', '0', '3', 'el-icon-coordinate', 'usrm:usermgr:user-add', '1', '1', '新建用户信息', 'admin', '1587860496585', 'admin', '1587869167870');
INSERT INTO `sys_menu` VALUES ('4028a58171b3c61d0171b3f1ae260050', 'user-query', '查询用户信息', '/usrm/usermgr', '0', '3', 'el-icon-coordinate', 'usrm:usermgr:user-query', '1', '1', '查询用户信息', 'admin', '1587861892646', 'admin', '1587861892646');

-- ----------------------------
-- Records of sys_org
-- ----------------------------
INSERT INTO `sys_org` VALUES ('4028a58171b41ad30171b4702af60050', 'dev-job', 'ROOT', '开发部', 'DEVJOB', '会友开发部', '刘雅轩', '中国-北京-五道口-东升大厦-5楼-402室', '111523', '15043248539', '1', '0', 'admin', '1587870182134', 'admin', '1587870781995');
INSERT INTO `sys_org` VALUES ('4028a58171b41ad30171b4746b170055', 'sh-job', 'ROOT', '售后部', 'SHJOB', '会友售后部', '轩雅格', '中国-北京-五道口-东升大厦-6楼-403室', '111523', '34592018438', '1', '1', 'admin', '1587870460695', 'admin', '1587870782015');
INSERT INTO `sys_org` VALUES ('4028a58171b41ad30171b476bd840058', 'kuaiji-job', 'ROOT', '会计部', 'KJJOB', '会友会计部', '诸葛清', '中国-北京-五道口-东升大厦-7楼-703室', '456987', '15048937628', '1', '2', 'admin', '1587870612867', 'admin', '1587870782020');
INSERT INTO `sys_org` VALUES ('4028a58171b41ad30171b477e6eb005b', 'dev-job1', 'dev-job', '一部', 'DEVJOB1', '', '李元芳', '', '', '', '1', '0', 'admin', '1587870689003', 'admin', '1587870782000');
INSERT INTO `sys_org` VALUES ('4028a58171b41ad30171b4789804005e', 'dev-job2', 'dev-job', '二部', 'DEVJOB2', '', '狄仁杰', '', '', '', '1', '1', 'admin', '1587870734339', 'admin', '1587870782005');
INSERT INTO `sys_org` VALUES ('4028a58171b41ad30171b47907050061', 'dev-job3', 'dev-job', '三部', 'DEVJOB3', '', '肖庆芳', '', '', '', '1', '2', 'admin', '1587870762757', 'admin', '1600501703461');

-- ----------------------------
-- Records of sys_perm
-- ----------------------------
INSERT INTO `sys_perm` VALUES ('4028a58171b41ad30171b46c31a3004c', '1', 'sys_menu', '1', '菜单资源,可在角色里选择该类权限', 'admin', '1587869921699', 'admin', '1600502787151');

-- ----------------------------
-- Records of sys_quartz
-- ----------------------------
INSERT INTO `sys_quartz` VALUES ('4028a58174a530e20174a576558d007e', '定时任务测试', 'group1', '2', 'com.sunrise.core.job.SuccessJob', '1/10 * * * * ?', '0', '', '1', null, '', 'admin', '1600503829901', 'admin', '1600503925107');

-- ----------------------------
-- Records of sys_role
-- ----------------------------
INSERT INTO `sys_role` VALUES ('4028a58171b41ad30171b47d0986006e', '4028a58171b41ad30171b4702af60050', 'dev', 'dev', '开发人员', '', 'admin', '1587871025542', 'admin', '1587871558988');
INSERT INTO `sys_role` VALUES ('4028a58171b41ad30171b47e0f280077', '4028a58171b41ad30171b4746b170055', 'test', 'test', '测试人员', '', 'admin', '1587871092520', 'admin', '1588041614938');

-- ----------------------------
-- Records of sys_role_perm
-- ----------------------------
INSERT INTO `sys_role_perm` VALUES ('4028a58171b41ad30171b4852d500093', '4028a58171b41ad30171b47d0986006e', '4028a58171b41ad30171b46c31a3004c', '402894816bda0c7b016bda5878570001', 'admin', '1587871558992', 'admin', '1587871558992');
INSERT INTO `sys_role_perm` VALUES ('4028a58171b41ad30171b4852d500094', '4028a58171b41ad30171b47d0986006e', '4028a58171b41ad30171b46c31a3004c', '402894816bda0c7b016bda5879510002', 'admin', '1587871558992', 'admin', '1587871558992');
INSERT INTO `sys_role_perm` VALUES ('4028a58171b41ad30171b4852d510095', '4028a58171b41ad30171b47d0986006e', '4028a58171b41ad30171b46c31a3004c', '4028a58171b3c61d0171b3dc60c90049', 'admin', '1587871558992', 'admin', '1587871558992');
INSERT INTO `sys_role_perm` VALUES ('4028a58171b41ad30171b4852d510096', '4028a58171b41ad30171b47d0986006e', '4028a58171b41ad30171b46c31a3004c', '4028a58171b3c61d0171b3f1ae260050', 'admin', '1587871558993', 'admin', '1587871558993');
INSERT INTO `sys_role_perm` VALUES ('4028a58171b41ad30171b4852d510097', '4028a58171b41ad30171b47d0986006e', '4028a58171b41ad30171b46c31a3004c', '402894816bda0c7b016bda5879ca0003', 'admin', '1587871558993', 'admin', '1587871558993');
INSERT INTO `sys_role_perm` VALUES ('4028a58171b41ad30171b4852d510098', '4028a58171b41ad30171b47d0986006e', '4028a58171b41ad30171b46c31a3004c', '402894816bda0c7b016bda587aaf0004', 'admin', '1587871558993', 'admin', '1587871558993');
INSERT INTO `sys_role_perm` VALUES ('4028a58171b41ad30171b4852d510099', '4028a58171b41ad30171b47d0986006e', '4028a58171b41ad30171b46c31a3004c', '402894816bda0c7b016bda587b270005', 'admin', '1587871558993', 'admin', '1587871558993');
INSERT INTO `sys_role_perm` VALUES ('4028a58171b41ad30171b4852d52009a', '4028a58171b41ad30171b47d0986006e', '4028a58171b41ad30171b46c31a3004c', '402894816bda0c7b016bda587c080006', 'admin', '1587871558993', 'admin', '1587871558994');
INSERT INTO `sys_role_perm` VALUES ('4028a58171b41ad30171b4852d52009b', '4028a58171b41ad30171b47d0986006e', '4028a58171b41ad30171b46c31a3004c', '402894816bda0c7b016bda587c850007', 'admin', '1587871558994', 'admin', '1587871558994');
INSERT INTO `sys_role_perm` VALUES ('4028a58171b41ad30171b4852d52009c', '4028a58171b41ad30171b47d0986006e', '4028a58171b41ad30171b46c31a3004c', '402894816bda0c7b016bda587d6a0008', 'admin', '1587871558994', 'admin', '1587871558994');
INSERT INTO `sys_role_perm` VALUES ('4028a58171b41ad30171b4852d53009d', '4028a58171b41ad30171b47d0986006e', '4028a58171b41ad30171b46c31a3004c', '402894816bda0c7b016bda587de60009', 'admin', '1587871558995', 'admin', '1587871558995');
INSERT INTO `sys_role_perm` VALUES ('4028a58171b41ad30171b4852d53009e', '4028a58171b41ad30171b47d0986006e', '4028a58171b41ad30171b46c31a3004c', '402894816bda0c7b016bda587ed5000a', 'admin', '1587871558995', 'admin', '1587871558995');
INSERT INTO `sys_role_perm` VALUES ('4028a58171b41ad30171b4852d53009f', '4028a58171b41ad30171b47d0986006e', '4028a58171b41ad30171b46c31a3004c', '402894816bda0c7b016bda587f49000b', 'admin', '1587871558995', 'admin', '1587871558995');
INSERT INTO `sys_role_perm` VALUES ('4028a58171b41ad30171b4852d5400a0', '4028a58171b41ad30171b47d0986006e', '4028a58171b41ad30171b46c31a3004c', '402894816bda0c7b016bda588032000c', 'admin', '1587871558995', 'admin', '1587871558995');
INSERT INTO `sys_role_perm` VALUES ('4028a58171b41ad30171b4852d5400a1', '4028a58171b41ad30171b47d0986006e', '4028a58171b41ad30171b46c31a3004c', '402894816bda0c7b016bda5880b5000d', 'admin', '1587871558996', 'admin', '1587871558996');
INSERT INTO `sys_role_perm` VALUES ('4028a58171b41ad30171b4852d5400a2', '4028a58171b41ad30171b47d0986006e', '4028a58171b41ad30171b46c31a3004c', '402894816bda0c7b016bda58818e000e', 'admin', '1587871558996', 'admin', '1587871558996');
INSERT INTO `sys_role_perm` VALUES ('4028a58171b41ad30171b4852d5400a3', '4028a58171b41ad30171b47d0986006e', '4028a58171b41ad30171b46c31a3004c', '402894816bda0c7b016bda58820c000f', 'admin', '1587871558996', 'admin', '1587871558996');
INSERT INTO `sys_role_perm` VALUES ('4028a58171b41ad30171b4852d5400a4', '4028a58171b41ad30171b47d0986006e', '4028a58171b41ad30171b46c31a3004c', '4028a58171b3c61d0171b3d9c7200041', 'admin', '1587871558996', 'admin', '1587871558996');
INSERT INTO `sys_role_perm` VALUES ('4028a58171b41ad30171b4852d5400a5', '4028a58171b41ad30171b47d0986006e', '4028a58171b41ad30171b46c31a3004c', '4028a58171b3c61d0171b3d9c8180043', 'admin', '1587871558996', 'admin', '1587871558996');
INSERT INTO `sys_role_perm` VALUES ('4028a58171b41ad30171b4852d5400a6', '4028a58171b41ad30171b47d0986006e', '4028a58171b41ad30171b46c31a3004c', '402894816bda0c7b016bda5882f50010', 'admin', '1587871558996', 'admin', '1587871558996');
INSERT INTO `sys_role_perm` VALUES ('4028a58171b41ad30171b4852d5400a7', '4028a58171b41ad30171b47d0986006e', '4028a58171b41ad30171b46c31a3004c', '402894816bda0c7b016bda5883670011', 'admin', '1587871558996', 'admin', '1587871558996');
INSERT INTO `sys_role_perm` VALUES ('4028a58171b41ad30171b4852d5400a8', '4028a58171b41ad30171b47d0986006e', '4028a58171b41ad30171b46c31a3004c', '402894816bda0c7b016bda5884540012', 'admin', '1587871558996', 'admin', '1587871558996');
INSERT INTO `sys_role_perm` VALUES ('4028a58171b41ad30171b4852d5400a9', '4028a58171b41ad30171b47d0986006e', '4028a58171b41ad30171b46c31a3004c', '402894816bda0c7b016bda5884c30013', 'admin', '1587871558996', 'admin', '1587871558996');
INSERT INTO `sys_role_perm` VALUES ('4028a58171b41ad30171b4852d5400aa', '4028a58171b41ad30171b47d0986006e', '4028a58171b41ad30171b46c31a3004c', '402894816bda0c7b016bda5885b40014', 'admin', '1587871558996', 'admin', '1587871558996');
INSERT INTO `sys_role_perm` VALUES ('4028a58171b41ad30171b4852d5400ab', '4028a58171b41ad30171b47d0986006e', '4028a58171b41ad30171b46c31a3004c', '402894816bda0c7b016bda5886220015', 'admin', '1587871558996', 'admin', '1587871558996');
INSERT INTO `sys_role_perm` VALUES ('4028a58171b41ad30171b4852d5400ac', '4028a58171b41ad30171b47d0986006e', '4028a58171b41ad30171b46c31a3004c', '402894816bda0c7b016bda5887100016', 'admin', '1587871558996', 'admin', '1587871558996');
INSERT INTO `sys_role_perm` VALUES ('4028a58171b41ad30171b4852d5400ad', '4028a58171b41ad30171b47d0986006e', '4028a58171b41ad30171b46c31a3004c', '402894816bda0c7b016bda58877e0017', 'admin', '1587871558996', 'admin', '1587871558996');
INSERT INTO `sys_role_perm` VALUES ('4028a58171b41ad30171b4852d5400ae', '4028a58171b41ad30171b47d0986006e', '4028a58171b41ad30171b46c31a3004c', '402894816bda0c7b016bda58886f0018', 'admin', '1587871558996', 'admin', '1587871558996');
INSERT INTO `sys_role_perm` VALUES ('4028a58171b41ad30171b4852d5400af', '4028a58171b41ad30171b47d0986006e', '4028a58171b41ad30171b46c31a3004c', '402894816bda0c7b016bda5888df0019', 'admin', '1587871558996', 'admin', '1587871558996');
INSERT INTO `sys_role_perm` VALUES ('4028a58171b41ad30171b4852d5500b0', '4028a58171b41ad30171b47d0986006e', '4028a58171b41ad30171b46c31a3004c', '402894816bda0c7b016bda5889cc001a', 'admin', '1587871558997', 'admin', '1587871558997');
INSERT INTO `sys_role_perm` VALUES ('4028a58171b41ad30171b4852d5500b1', '4028a58171b41ad30171b47d0986006e', '4028a58171b41ad30171b46c31a3004c', '402894816bda0c7b016bda588a4e001b', 'admin', '1587871558997', 'admin', '1587871558997');
INSERT INTO `sys_role_perm` VALUES ('4028a58171b41ad30171b4852d5500b2', '4028a58171b41ad30171b47d0986006e', '4028a58171b41ad30171b46c31a3004c', '402894816bda0c7b016bda588b2a001c', 'admin', '1587871558997', 'admin', '1587871558997');
INSERT INTO `sys_role_perm` VALUES ('4028a58171b41ad30171b4852d5500b3', '4028a58171b41ad30171b47d0986006e', '4028a58171b41ad30171b46c31a3004c', '402894816bda0c7b016bda588bb5001d', 'admin', '1587871558997', 'admin', '1587871558997');
INSERT INTO `sys_role_perm` VALUES ('4028a58171b41ad30171b4852d5500b4', '4028a58171b41ad30171b47d0986006e', '4028a58171b41ad30171b46c31a3004c', '402894816bda0c7b016bda588c82001e', 'admin', '1587871558997', 'admin', '1587871558997');
INSERT INTO `sys_role_perm` VALUES ('4028a58171be60fe0171bea8065d0091', '4028a58171b41ad30171b47e0f280077', '4028a58171b41ad30171b46c31a3004c', '402894816bda0c7b016bda5878570001', 'admin', '1588041614941', 'admin', '1588041614941');
INSERT INTO `sys_role_perm` VALUES ('4028a58171be60fe0171bea8065d0092', '4028a58171b41ad30171b47e0f280077', '4028a58171b41ad30171b46c31a3004c', '402894816bda0c7b016bda5879510002', 'admin', '1588041614941', 'admin', '1588041614941');
INSERT INTO `sys_role_perm` VALUES ('4028a58171be60fe0171bea8065d0093', '4028a58171b41ad30171b47e0f280077', '4028a58171b41ad30171b46c31a3004c', '4028a58171b3c61d0171b3dc60c90049', 'admin', '1588041614941', 'admin', '1588041614941');
INSERT INTO `sys_role_perm` VALUES ('4028a58171be60fe0171bea8065d0094', '4028a58171b41ad30171b47e0f280077', '4028a58171b41ad30171b46c31a3004c', '4028a58171b3c61d0171b3f1ae260050', 'admin', '1588041614941', 'admin', '1588041614941');
INSERT INTO `sys_role_perm` VALUES ('4028a58171be60fe0171bea8065d0095', '4028a58171b41ad30171b47e0f280077', '4028a58171b41ad30171b46c31a3004c', '402894816bda0c7b016bda5879ca0003', 'admin', '1588041614941', 'admin', '1588041614941');
INSERT INTO `sys_role_perm` VALUES ('4028a58171be60fe0171bea8065d0096', '4028a58171b41ad30171b47e0f280077', '4028a58171b41ad30171b46c31a3004c', '402894816bda0c7b016bda587aaf0004', 'admin', '1588041614941', 'admin', '1588041614941');
INSERT INTO `sys_role_perm` VALUES ('4028a58171be60fe0171bea8065d0097', '4028a58171b41ad30171b47e0f280077', '4028a58171b41ad30171b46c31a3004c', '402894816bda0c7b016bda587b270005', 'admin', '1588041614941', 'admin', '1588041614941');
INSERT INTO `sys_role_perm` VALUES ('4028a58171be60fe0171bea8065d0098', '4028a58171b41ad30171b47e0f280077', '4028a58171b41ad30171b46c31a3004c', '402894816bda0c7b016bda587c080006', 'admin', '1588041614941', 'admin', '1588041614941');
INSERT INTO `sys_role_perm` VALUES ('4028a58171be60fe0171bea8065d0099', '4028a58171b41ad30171b47e0f280077', '4028a58171b41ad30171b46c31a3004c', '402894816bda0c7b016bda587c850007', 'admin', '1588041614941', 'admin', '1588041614941');
INSERT INTO `sys_role_perm` VALUES ('4028a58171be60fe0171bea8065d009a', '4028a58171b41ad30171b47e0f280077', '4028a58171b41ad30171b46c31a3004c', '402894816bda0c7b016bda587d6a0008', 'admin', '1588041614941', 'admin', '1588041614941');
INSERT INTO `sys_role_perm` VALUES ('4028a58171be60fe0171bea8065e009b', '4028a58171b41ad30171b47e0f280077', '4028a58171b41ad30171b46c31a3004c', '402894816bda0c7b016bda587de60009', 'admin', '1588041614942', 'admin', '1588041614942');
INSERT INTO `sys_role_perm` VALUES ('4028a58171be60fe0171bea8065e009c', '4028a58171b41ad30171b47e0f280077', '4028a58171b41ad30171b46c31a3004c', '402894816bda0c7b016bda587ed5000a', 'admin', '1588041614942', 'admin', '1588041614942');
INSERT INTO `sys_role_perm` VALUES ('4028a58171be60fe0171bea8065e009d', '4028a58171b41ad30171b47e0f280077', '4028a58171b41ad30171b46c31a3004c', '402894816bda0c7b016bda587f49000b', 'admin', '1588041614942', 'admin', '1588041614942');
INSERT INTO `sys_role_perm` VALUES ('4028a58171be60fe0171bea8065e009e', '4028a58171b41ad30171b47e0f280077', '4028a58171b41ad30171b46c31a3004c', '402894816bda0c7b016bda588032000c', 'admin', '1588041614942', 'admin', '1588041614942');
INSERT INTO `sys_role_perm` VALUES ('4028a58171be60fe0171bea8065e009f', '4028a58171b41ad30171b47e0f280077', '4028a58171b41ad30171b46c31a3004c', '402894816bda0c7b016bda5880b5000d', 'admin', '1588041614942', 'admin', '1588041614942');

-- ----------------------------
-- Records of sys_user
-- ----------------------------
INSERT INTO `sys_user` VALUES ('4028a58171d85b9a0171d87126f70018', 'admin-test', '50a67e72e7652fecf397340ee608bfc3', '1', '52836ccefcd27d23df80e2b4ad0f8bd7', '4028a58171b41ad30171b4746b170055', '1588474463506', 'admin', '1588474226423', 'admin', '1600502376676');
INSERT INTO `sys_user` VALUES ('4028a58171d85b9a0171d872237c001e', 'admin-dev', '35729d174bbad150d220c1bf7ecb1b84', '1', '0b076492cd0a66181c9512e65175e26e', '4028a58171b41ad30171b4702af60050', '1600500024441', 'admin', '1588474291068', 'admin', '1600502373565');
INSERT INTO `sys_user` VALUES ('admin', 'admin', 'c27eec2d397b2c004d53d1ac474b1dea', '1', 'sunrise', null, '1600501107749', 'admin', '1588474291068', 'admin', '1588144206742');

-- ----------------------------
-- Records of sys_user_info
-- ----------------------------
INSERT INTO `sys_user_info` VALUES ('4028a58171d85b9a0171d87126f80019', '4028a58171d85b9a0171d87126f70018', '高明1', '2', '15045829550', '258959391@qq.com', '1589990400000', 'admin', '1588474226424', 'admin', '1588474226424');
INSERT INTO `sys_user_info` VALUES ('4028a58171d85b9a0171d872237d001f', '4028a58171d85b9a0171d872237c001e', '晓璇', '2', '15038291775', '583028194@qq.com', '1589299200000', 'admin', '1588474291068', 'admin', '1600499498555');
INSERT INTO `sys_user_info` VALUES ('admin', 'admin', 'Sunrise', '1', '15041914006', '275050943@qq.com', '1564502400000', 'admin', '1588474291068', 'admin', '1562274048804');

-- ----------------------------
-- Records of sys_user_role
-- ----------------------------
INSERT INTO `sys_user_role` VALUES ('4028a58171d85b9a0171d8712720001a', '4028a58171d85b9a0171d87126f70018', '4028a58171b41ad30171b47e0f280077', 'admin', '1588474226463', 'admin', '1588474226463');
INSERT INTO `sys_user_role` VALUES ('4028a58174a530e20174a5343e4e000b', '4028a58171d85b9a0171d872237c001e', '4028a58171b41ad30171b47d0986006e', 'admin', '1600499498574', 'admin', '1600499498574');
SET FOREIGN_KEY_CHECKS=1;
